PRAGMA foreign_keys=OFF;
BEGIN TRANSACTION;
CREATE TABLE "django_migrations" ("id" integer NOT NULL PRIMARY KEY AUTOINCREMENT, "app" varchar(255) NOT NULL, "name" varchar(255) NOT NULL, "applied" datetime NOT NULL);
INSERT INTO "django_migrations" VALUES(1,'contenttypes','0001_initial','2015-04-01 11:37:16.996376');
INSERT INTO "django_migrations" VALUES(2,'auth','0001_initial','2015-04-01 11:37:17.538437');
INSERT INTO "django_migrations" VALUES(3,'admin','0001_initial','2015-04-01 11:37:17.955568');
INSERT INTO "django_migrations" VALUES(4,'sessions','0001_initial','2015-04-01 11:37:18.414407');
INSERT INTO "django_migrations" VALUES(5,'polls','0001_initial','2015-04-01 13:49:19.510978');
INSERT INTO "django_migrations" VALUES(6,'courses','0001_initial','2015-04-08 17:47:40.635769');
INSERT INTO "django_migrations" VALUES(7,'students','0001_initial','2015-04-08 17:47:40.927909');
INSERT INTO "django_migrations" VALUES(8,'coaches','0001_initial','2015-04-13 09:50:32.390273');
INSERT INTO "django_migrations" VALUES(9,'coaches','0002_auto_20150413_1806','2015-04-13 15:06:36.184333');
INSERT INTO "django_migrations" VALUES(10,'coaches','0003_auto_20150413_1808','2015-04-13 15:08:38.341235');
INSERT INTO "django_migrations" VALUES(11,'coaches','0004_auto_20150413_1812','2015-04-13 15:12:54.578445');
INSERT INTO "django_migrations" VALUES(12,'coaches','0005_delete_assistant','2015-04-13 15:26:42.460615');
CREATE TABLE "django_content_type" ("id" integer NOT NULL PRIMARY KEY AUTOINCREMENT, "name" varchar(100) NOT NULL, "app_label" varchar(100) NOT NULL, "model" varchar(100) NOT NULL, UNIQUE ("app_label", "model"));
INSERT INTO "django_content_type" VALUES(1,'log entry','admin','logentry');
INSERT INTO "django_content_type" VALUES(2,'permission','auth','permission');
INSERT INTO "django_content_type" VALUES(3,'group','auth','group');
INSERT INTO "django_content_type" VALUES(4,'user','auth','user');
INSERT INTO "django_content_type" VALUES(5,'content type','contenttypes','contenttype');
INSERT INTO "django_content_type" VALUES(6,'session','sessions','session');
INSERT INTO "django_content_type" VALUES(7,'question','polls','question');
INSERT INTO "django_content_type" VALUES(8,'choice','polls','choice');
INSERT INTO "django_content_type" VALUES(9,'course','courses','course');
INSERT INTO "django_content_type" VALUES(10,'lesson','courses','lesson');
INSERT INTO "django_content_type" VALUES(11,'student','students','student');
INSERT INTO "django_content_type" VALUES(12,'coach','coaches','coach');
INSERT INTO "django_content_type" VALUES(13,'user','coaches','user');
CREATE TABLE "auth_permission" ("id" integer NOT NULL PRIMARY KEY AUTOINCREMENT, "name" varchar(50) NOT NULL, "content_type_id" integer NOT NULL REFERENCES "django_content_type" ("id"), "codename" varchar(100) NOT NULL, UNIQUE ("content_type_id", "codename"));
INSERT INTO "auth_permission" VALUES(1,'Can add log entry',1,'add_logentry');
INSERT INTO "auth_permission" VALUES(2,'Can change log entry',1,'change_logentry');
INSERT INTO "auth_permission" VALUES(3,'Can delete log entry',1,'delete_logentry');
INSERT INTO "auth_permission" VALUES(4,'Can add permission',2,'add_permission');
INSERT INTO "auth_permission" VALUES(5,'Can change permission',2,'change_permission');
INSERT INTO "auth_permission" VALUES(6,'Can delete permission',2,'delete_permission');
INSERT INTO "auth_permission" VALUES(7,'Can add group',3,'add_group');
INSERT INTO "auth_permission" VALUES(8,'Can change group',3,'change_group');
INSERT INTO "auth_permission" VALUES(9,'Can delete group',3,'delete_group');
INSERT INTO "auth_permission" VALUES(10,'Can add user',4,'add_user');
INSERT INTO "auth_permission" VALUES(11,'Can change user',4,'change_user');
INSERT INTO "auth_permission" VALUES(12,'Can delete user',4,'delete_user');
INSERT INTO "auth_permission" VALUES(13,'Can add content type',5,'add_contenttype');
INSERT INTO "auth_permission" VALUES(14,'Can change content type',5,'change_contenttype');
INSERT INTO "auth_permission" VALUES(15,'Can delete content type',5,'delete_contenttype');
INSERT INTO "auth_permission" VALUES(16,'Can add session',6,'add_session');
INSERT INTO "auth_permission" VALUES(17,'Can change session',6,'change_session');
INSERT INTO "auth_permission" VALUES(18,'Can delete session',6,'delete_session');
INSERT INTO "auth_permission" VALUES(19,'Can add question',7,'add_question');
INSERT INTO "auth_permission" VALUES(20,'Can change question',7,'change_question');
INSERT INTO "auth_permission" VALUES(21,'Can delete question',7,'delete_question');
INSERT INTO "auth_permission" VALUES(22,'Can add choice',8,'add_choice');
INSERT INTO "auth_permission" VALUES(23,'Can change choice',8,'change_choice');
INSERT INTO "auth_permission" VALUES(24,'Can delete choice',8,'delete_choice');
INSERT INTO "auth_permission" VALUES(25,'Can add course',9,'add_course');
INSERT INTO "auth_permission" VALUES(26,'Can change course',9,'change_course');
INSERT INTO "auth_permission" VALUES(27,'Can delete course',9,'delete_course');
INSERT INTO "auth_permission" VALUES(28,'Can add lesson',10,'add_lesson');
INSERT INTO "auth_permission" VALUES(29,'Can change lesson',10,'change_lesson');
INSERT INTO "auth_permission" VALUES(30,'Can delete lesson',10,'delete_lesson');
INSERT INTO "auth_permission" VALUES(31,'Can add student',11,'add_student');
INSERT INTO "auth_permission" VALUES(32,'Can change student',11,'change_student');
INSERT INTO "auth_permission" VALUES(33,'Can delete student',11,'delete_student');
INSERT INTO "auth_permission" VALUES(34,'Can add user',13,'add_user');
INSERT INTO "auth_permission" VALUES(35,'Can change user',13,'change_user');
INSERT INTO "auth_permission" VALUES(36,'Can delete user',13,'delete_user');
INSERT INTO "auth_permission" VALUES(37,'Can add coach',12,'add_coach');
INSERT INTO "auth_permission" VALUES(38,'Can change coach',12,'change_coach');
INSERT INTO "auth_permission" VALUES(39,'Can delete coach',12,'delete_coach');
CREATE TABLE "auth_group" ("id" integer NOT NULL PRIMARY KEY AUTOINCREMENT, "name" varchar(80) NOT NULL UNIQUE);
CREATE TABLE "auth_group_permissions" ("id" integer NOT NULL PRIMARY KEY AUTOINCREMENT, "group_id" integer NOT NULL REFERENCES "auth_group" ("id"), "permission_id" integer NOT NULL REFERENCES "auth_permission" ("id"), UNIQUE ("group_id", "permission_id"));
CREATE TABLE "auth_user" ("id" integer NOT NULL PRIMARY KEY AUTOINCREMENT, "password" varchar(128) NOT NULL, "last_login" datetime NOT NULL, "is_superuser" bool NOT NULL, "username" varchar(30) NOT NULL UNIQUE, "first_name" varchar(30) NOT NULL, "last_name" varchar(30) NOT NULL, "email" varchar(75) NOT NULL, "is_staff" bool NOT NULL, "is_active" bool NOT NULL, "date_joined" datetime NOT NULL);
INSERT INTO "auth_user" VALUES(1,'pbkdf2_sha256$15000$E2LIlMiZODn3$yyk5iUjUYJnUZoc7eyCk2KPfTpWlpE0dk5aMEvmtR6c=','2015-04-13 14:16:28.622402',1,'admin','','','khazar65@mail.ru',1,1,'2015-04-02 11:47:34');
CREATE TABLE "auth_user_groups" ("id" integer NOT NULL PRIMARY KEY AUTOINCREMENT, "user_id" integer NOT NULL REFERENCES "auth_user" ("id"), "group_id" integer NOT NULL REFERENCES "auth_group" ("id"), UNIQUE ("user_id", "group_id"));
CREATE TABLE "auth_user_user_permissions" ("id" integer NOT NULL PRIMARY KEY AUTOINCREMENT, "user_id" integer NOT NULL REFERENCES "auth_user" ("id"), "permission_id" integer NOT NULL REFERENCES "auth_permission" ("id"), UNIQUE ("user_id", "permission_id"));
CREATE TABLE "django_admin_log" ("id" integer NOT NULL PRIMARY KEY AUTOINCREMENT, "action_time" datetime NOT NULL, "object_id" text NULL, "object_repr" varchar(200) NOT NULL, "action_flag" smallint unsigned NOT NULL, "change_message" text NOT NULL, "content_type_id" integer NULL REFERENCES "django_content_type" ("id"), "user_id" integer NOT NULL REFERENCES "auth_user" ("id"));
INSERT INTO "django_admin_log" VALUES(1,'2015-04-02 12:30:23.620227','1','What''s up?',2,'Изменен pub_date.',7,1);
INSERT INTO "django_admin_log" VALUES(2,'2015-04-04 13:14:20.773906','1','What''s up?',2,'Изменен pub_date.',7,1);
INSERT INTO "django_admin_log" VALUES(3,'2015-04-09 13:17:07.256677','1','Course object',1,'',9,1);
INSERT INTO "django_admin_log" VALUES(4,'2015-04-09 13:23:43.721702','2','Course object',1,'',9,1);
INSERT INTO "django_admin_log" VALUES(5,'2015-04-09 13:38:16.725349','3','Course object',1,'',9,1);
INSERT INTO "django_admin_log" VALUES(6,'2015-04-09 13:38:30.515331','3','Course object',2,'Ни одно поле не изменено.',9,1);
INSERT INTO "django_admin_log" VALUES(7,'2015-04-09 13:39:03.946300','2','Course object',2,'Изменен description.',9,1);
INSERT INTO "django_admin_log" VALUES(8,'2015-04-09 13:42:33.505722','1','Course object',2,'Изменен short_description.',9,1);
INSERT INTO "django_admin_log" VALUES(9,'2015-04-09 13:49:10.918367','1','Lesson object',1,'',10,1);
INSERT INTO "django_admin_log" VALUES(10,'2015-04-09 13:50:43.942360','2','Lesson object',1,'',10,1);
INSERT INTO "django_admin_log" VALUES(11,'2015-04-09 13:51:48.900090','3','Lesson object',1,'',10,1);
INSERT INTO "django_admin_log" VALUES(12,'2015-04-09 14:04:20.420279','1','Основы Python',2,'Изменен course.',10,1);
INSERT INTO "django_admin_log" VALUES(13,'2015-04-09 14:04:31.715411','2','Строки и итераторы',2,'Изменен course.',10,1);
INSERT INTO "django_admin_log" VALUES(14,'2015-04-09 14:04:42.117451','3','Функции и модульность',2,'Изменен course.',10,1);
INSERT INTO "django_admin_log" VALUES(15,'2015-04-09 14:20:19.942055','4','Вступление',1,'',10,1);
INSERT INTO "django_admin_log" VALUES(16,'2015-04-09 14:21:31.620350','5','Hello, Ruby!',1,'',10,1);
INSERT INTO "django_admin_log" VALUES(17,'2015-04-09 14:22:48.445852','6','Ruby hierarchy',1,'',10,1);
INSERT INTO "django_admin_log" VALUES(18,'2015-04-09 14:24:10.991172','7','Введение в JavaScript',1,'',10,1);
INSERT INTO "django_admin_log" VALUES(19,'2015-04-09 14:25:16.772093','8','Hello, world и немного браузерной магии',1,'',10,1);
INSERT INTO "django_admin_log" VALUES(20,'2015-04-09 14:26:21.108631','9','JS: Начало',1,'',10,1);
INSERT INTO "django_admin_log" VALUES(21,'2015-04-09 19:35:39.328061','1','admin',2,'Изменен username.',4,1);
INSERT INTO "django_admin_log" VALUES(22,'2015-04-09 19:44:43.927671','1','Student object',1,'',11,1);
INSERT INTO "django_admin_log" VALUES(23,'2015-04-09 19:48:11.594454','2','Student object',1,'',11,1);
INSERT INTO "django_admin_log" VALUES(24,'2015-04-09 19:51:36.763040','3','Student object',1,'',11,1);
INSERT INTO "django_admin_log" VALUES(25,'2015-04-09 19:55:29.694528','4','Student object',1,'',11,1);
INSERT INTO "django_admin_log" VALUES(26,'2015-04-09 19:59:26.992831','5','Student object',1,'',11,1);
INSERT INTO "django_admin_log" VALUES(27,'2015-04-09 20:07:11.064498','1','Белобродский Алексей',2,'Изменен address.',11,1);
CREATE TABLE "django_session" ("session_key" varchar(40) NOT NULL PRIMARY KEY, "session_data" text NOT NULL, "expire_date" datetime NOT NULL);
INSERT INTO "django_session" VALUES('ygshm357mqn9sd2ya9jf17gjvleud7hi','MmUzYzNhY2Q2ZjQxN2I3NzlkZTg4YTgzYWQyOTVmMjE4NDlmMjkxNTp7fQ==','2015-04-27 14:17:29.083316');
CREATE TABLE "polls_question" ("id" integer NOT NULL PRIMARY KEY AUTOINCREMENT, "question_text" varchar(200) NOT NULL, "pub_date" datetime NOT NULL);
INSERT INTO "polls_question" VALUES(1,'What''s up?','2015-04-04 13:14:07');
CREATE TABLE "polls_choice" ("id" integer NOT NULL PRIMARY KEY AUTOINCREMENT, "choice_text" varchar(200) NOT NULL, "votes" integer NOT NULL, "question_id" integer NOT NULL REFERENCES "polls_question" ("id"));
INSERT INTO "polls_choice" VALUES(1,'Not much',3,1);
INSERT INTO "polls_choice" VALUES(2,'The sky',1,1);
CREATE TABLE "courses_course" ("id" integer NOT NULL PRIMARY KEY AUTOINCREMENT, "course_title" varchar(255) NOT NULL, "short_description" varchar(225) NOT NULL, "description" text NULL);
INSERT INTO "courses_course" VALUES(1,'Python/Django','На курсе познакомитесь с языком Python, фреимворком Django, научим работать с базами данных. ',' В этом курсе мы сместили акцент в сторону практики. Будет умеренное количество теории - максимум практики. Примерное соотношение теории и практики: 30% на 70%. Курсы будут проходить с 25 февраля по 23 апреля. Практические занятия в аудитории + видеозаписи скринкастов.');
INSERT INTO "courses_course" VALUES(2,'JavaScript','Курс предназначен для освоения языка написания клиентских сценариев JavaScript','В этом курсе мы максимально сместили акцент в сторону практики. Будет умеренное количество теории - максимум практики. Примерное соотношение теории и практики: 30% на 70%. Курсы будут проходить с 14 мая по 20 июля. Понедельник и четверг с 19:00 до 21:00.
');
INSERT INTO "courses_course" VALUES(3,'Ruby on Rails','Цель курса познакомится с языком Ruby, освоить его базовые концепции, познакомится с техникой разработки через тестирование (TDD)','В этом курсе мы сместили акцент в сторону практики. Будет умеренное количество теории - максимум практики. Примерное соотношение теории и практики: 30% на 70%. Занятия будут проходить по понедельникам и четвергам.
Все занятия будут проходить по понедельникам и четвергам с 21:00-22:30 по Киеву через систему вебинаров.
');
CREATE TABLE "courses_lesson" ("id" integer NOT NULL PRIMARY KEY AUTOINCREMENT, "theme" varchar(255) NOT NULL, "desription" text NULL, "consecutive_number" integer unsigned NOT NULL, "course_id" integer NOT NULL REFERENCES "courses_course" ("id"));
INSERT INTO "courses_lesson" VALUES(1,'Основы Python','zen, pep8, pylint, tools, IDE,  консоль, типы данных, операторы,  синтаксис управляющих конструкций (if, for...), исключения и разбор стектрейса
',1,1);
INSERT INTO "courses_lesson" VALUES(2,'Строки и итераторы',' работа со строками и итерируемыми типами, запуск скрипта и параметры,  git http://try.github.com/levels/1/challenges/1
',2,1);
INSERT INTO "courses_lesson" VALUES(3,'Функции и модульность','функции (def, lambda), модули, структура
',3,1);
INSERT INTO "courses_lesson" VALUES(4,'Вступление','Почему Ruby on Rails. Цели и структура курса. Окружение, которое необходимо поставить. Ссылки на полезные материалы. Что будет изучено. Что такое RVM, Ruby, Rails. ОПП
',1,3);
INSERT INTO "courses_lesson" VALUES(5,'Hello, Ruby!','Ruby styleguide. Operators. Control structures. Область видимости, приоритеты операторов.
',2,3);
INSERT INTO "courses_lesson" VALUES(6,'Ruby hierarchy','Ruby hierarchy. Data types
',3,3);
INSERT INTO "courses_lesson" VALUES(7,'Введение в JavaScript','JavaScript - прошлое, настоящее и будущее. Цели, задача и структура курса. Что такое RIA (Rich Internet Application) и с чем его едят. Что нужно сделать до начала: среда разработки, инструменты и т.п.
',1,2);
INSERT INTO "courses_lesson" VALUES(8,'Hello, world и немного браузерной магии','Простейший код на JS. Манипулирование HTML с помощью JavaScript. События и их обработка.',2,2);
INSERT INTO "courses_lesson" VALUES(9,'JS: Начало','Как можно и как нельзя писать на JS. Инструменты для контроля качества кода. Основные примитивы языка.
',3,2);
CREATE TABLE "students_student" ("id" integer NOT NULL PRIMARY KEY AUTOINCREMENT, "name" varchar(225) NOT NULL, "surname" varchar(225) NOT NULL, "date_of_birth" date NOT NULL, "email" varchar(75) NOT NULL, "phone" varchar(13) NOT NULL, "address" varchar(225) NOT NULL, "skype" varchar(225) NOT NULL);
INSERT INTO "students_student" VALUES(1,'Алексей','Белобродский','1985-04-12','Alesv@mail.ru','+380637603977','ул. Ак. Павлова, 160 кв. 110','Аlesvawkips');
INSERT INTO "students_student" VALUES(2,'Татьяна','Алесинская','1987-01-22','tatnlamqivna@gmail.com','+380997605971','ул. 23 августа 58а кв.56','tatnlamqivna');
INSERT INTO "students_student" VALUES(3,'Виктор','Сербин','1984-03-18','vikpwoskowtor@mail.ru','+380507605934','ул. Артема, 9/11 кв.33<','vikpwoskowtor');
INSERT INTO "students_student" VALUES(4,'Артем','Катаев','1985-12-28','artytatsymem@gmail.com','+380507875921','ул. Ахсарова, 11 кв. 43','artytatsymem');
INSERT INTO "students_student" VALUES(5,'Михаил','Гриценко','1996-07-19','mixxvyirha@gmail.com','+380977603579','ул. Блюхера, 22 кв. 114','mixxvyirha');
CREATE TABLE "students_student_course" ("id" integer NOT NULL PRIMARY KEY AUTOINCREMENT, "student_id" integer NOT NULL REFERENCES "students_student" ("id"), "course_id" integer NOT NULL REFERENCES "courses_course" ("id"), UNIQUE ("student_id", "course_id"));
INSERT INTO "students_student_course" VALUES(2,2,2);
INSERT INTO "students_student_course" VALUES(3,3,3);
INSERT INTO "students_student_course" VALUES(4,4,1);
INSERT INTO "students_student_course" VALUES(5,4,2);
INSERT INTO "students_student_course" VALUES(6,4,3);
INSERT INTO "students_student_course" VALUES(7,5,1);
INSERT INTO "students_student_course" VALUES(8,5,3);
INSERT INTO "students_student_course" VALUES(9,1,1);
CREATE TABLE "coaches_user" ("id" integer NOT NULL PRIMARY KEY AUTOINCREMENT, "username" varchar(30) NOT NULL, "first_name" varchar(30) NOT NULL, "last_name" varchar(30) NOT NULL, "email" varchar(75) NOT NULL, "password" varchar(30) NOT NULL);
CREATE TABLE "coaches_coach" ("id" integer NOT NULL PRIMARY KEY AUTOINCREMENT, "date_of_birth" date NOT NULL, "gender" integer NOT NULL, "phone" varchar(13) NOT NULL, "address" varchar(225) NOT NULL, "skype" varchar(225) NOT NULL, "description" text NULL, "user_id" integer NOT NULL UNIQUE REFERENCES "coaches_user" ("id"));
DELETE FROM sqlite_sequence;
INSERT INTO "sqlite_sequence" VALUES('django_content_type',13);
INSERT INTO "sqlite_sequence" VALUES('django_migrations',12);
INSERT INTO "sqlite_sequence" VALUES('auth_permission',39);
INSERT INTO "sqlite_sequence" VALUES('polls_choice',3);
INSERT INTO "sqlite_sequence" VALUES('polls_question',1);
INSERT INTO "sqlite_sequence" VALUES('auth_user',1);
INSERT INTO "sqlite_sequence" VALUES('django_admin_log',27);
INSERT INTO "sqlite_sequence" VALUES('courses_course',3);
INSERT INTO "sqlite_sequence" VALUES('courses_lesson',9);
INSERT INTO "sqlite_sequence" VALUES('students_student',5);
INSERT INTO "sqlite_sequence" VALUES('students_student_course',9);
INSERT INTO "sqlite_sequence" VALUES('coaches_coach',0);
CREATE INDEX "auth_permission_417f1b1c" ON "auth_permission" ("content_type_id");
CREATE INDEX "auth_group_permissions_0e939a4f" ON "auth_group_permissions" ("group_id");
CREATE INDEX "auth_group_permissions_8373b171" ON "auth_group_permissions" ("permission_id");
CREATE INDEX "auth_user_groups_e8701ad4" ON "auth_user_groups" ("user_id");
CREATE INDEX "auth_user_groups_0e939a4f" ON "auth_user_groups" ("group_id");
CREATE INDEX "auth_user_user_permissions_e8701ad4" ON "auth_user_user_permissions" ("user_id");
CREATE INDEX "auth_user_user_permissions_8373b171" ON "auth_user_user_permissions" ("permission_id");
CREATE INDEX "django_admin_log_417f1b1c" ON "django_admin_log" ("content_type_id");
CREATE INDEX "django_admin_log_e8701ad4" ON "django_admin_log" ("user_id");
CREATE INDEX "django_session_de54fa62" ON "django_session" ("expire_date");
CREATE INDEX "polls_choice_7aa0f6ee" ON "polls_choice" ("question_id");
CREATE INDEX "courses_lesson_ea134da7" ON "courses_lesson" ("course_id");
CREATE INDEX "students_student_course_30a811f6" ON "students_student_course" ("student_id");
CREATE INDEX "students_student_course_ea134da7" ON "students_student_course" ("course_id");
COMMIT;
